6,32,2,4,6,9,12,FALSE, 3/4,1.5,1.5,1.5
7,64,2,4,6,10.5,12,FALSE, 3/4,0.75,0.75,0.75
23,2048,8,12,16,34.5,36,FALSE, 3/4,0.75,0.75,0.75
34,6722.938776,8,12,20,51,40,TRUE, 3/4,-5.5,14,41.5
35,8522.894199,8,12,20,52.5,40,TRUE, 3/4,-6.25,20.25,21.25
38,9522.252632,10,14,24,57,48,TRUE, 3/4,-4.5,1.5,139.5
39,11281.33948,10,14,24,58.5,48,TRUE, 3/4,-5.25,6.75,132.75
40,10349.714,8,16,24,60,48,TRUE, 3/4,-6,6.75,72
40,15907.88395,10,14,24,60,48,TRUE, 3/4,-6,12.75,120
41,17828.73361,8,16,24,61.5,48,TRUE, 3/4,-6.75,13.5,58.5
41,22658.3162,10,14,24,61.5,48,TRUE, 3/4,-6.75,19.5,100.5
42,27989.89355,8,16,24,63,48,TRUE, 3/4,-7.5,21,37.5
42,33101.976,10,14,24,63,48,TRUE, 3/4,-7.5,27,73.5
42,11781.71956,10,20,30,63,60,TRUE, 3/4,-1.5,-33,67.5
43,33062.78788,8,16,24,64.5,48,TRUE, 3/4,-8.25,29.25,8.25
43,48431.44314,10,14,24,64.5,48,TRUE, 3/4,-8.25,35.25,38.25
43,17920.63948,10,20,30,64.5,60,TRUE, 3/4,-2.25,-30.75,98.25
44,22316.91521,10,20,30,66,60,TRUE, 3/4,-3,-27.75,126
44,13862.85109,12,18,30,66,60,TRUE, 3/4,-3,-19.75,254
45,28426.35601,10,20,30,67.5,60,TRUE, 3/4,-3.75,-24,150
45,16986.76394,12,16,28,67.5,56,TRUE, 3/4,-5.75,4,246
45,21545.9855,12,18,30,67.5,60,TRUE, 3/4,-3.75,-16,270
46,35712.29619,10,20,30,69,60,TRUE, 3/4,-4.5,-19.5,169.5
46,17480.21078,12,16,28,69,56,TRUE, 3/4,-6.5,10.5,235.5
46,29072.0206,12,18,30,69,60,TRUE, 3/4,-4.5,-11.5,281.5
46,23154.43113,12,24,36,69,72,FALSE, 3/4,1.5,-53.5,-108.5
47,56680.1111,10,20,30,70.5,60,TRUE, 3/4,-5.25,-14.25,183.75
47,18193.56069,12,14,26,70.5,52,TRUE, 3/4,-9.25,45.75,55.75
47,20542.0125,12,16,28,70.5,56,TRUE, 3/4,-7.25,17.75,217.75
47,35739.60941,12,18,30,70.5,60,TRUE, 3/4,-5.25,-6.25,287.75
47,37303.80911,12,24,36,70.5,72,FALSE, 3/4,0.75,-54.25,-54.25
48,89171.8619,10,20,30,72,60,TRUE, 3/4,-6,-8.25,192
48,34250.03622,12,16,28,72,56,TRUE, 3/4,-8,25.75,192
48,47539.34023,12,18,30,72,60,TRUE, 3/4,-6,-0.25,288
48,21916.57437,12,20,32,72,64,TRUE, 3/4,-4,-22.25,288
49,95837.16824,10,20,30,73.5,60,TRUE, 3/4,-6.75,-1.5,193.5
49,49377.19749,12,16,28,73.5,56,TRUE, 3/4,-8.75,34.5,157.5
49,65403.23915,12,18,30,73.5,60,TRUE, 3/4,-6.75,6.5,281.5
49,29540.37386,12,20,32,73.5,64,TRUE, 3/4,-4.75,-17.5,305.5
49,44582.49575,12,24,36,73.5,72,TRUE, 3/4,-0.75,-53.5,53.5
50,100156.3059,10,20,30,75,60,TRUE, 3/4,-7.5,6,187.5
50,59613.67202,12,16,28,75,56,TRUE, 3/4,-9.5,44,113.5
50,91555.67077,12,18,30,75,60,TRUE, 3/4,-7.5,14,267.5
50,41759.32953,12,20,32,75,64,TRUE, 3/4,-5.5,-12,317.5
50,58643.20007,12,24,36,75,72,TRUE, 3/4,-1.5,-52,105.5
51,212976.2483,8,24,32,76.5,64,TRUE, 3/4,-6.25,-29.75,11.25
51,144249.2581,10,20,30,76.5,60,TRUE, 3/4,-8.25,14.25,173.25
51,72213.3474,12,16,28,76.5,56,TRUE, 3/4,-10.25,54.25,59.25
51,143737.4519,12,18,30,76.5,60,TRUE, 3/4,-8.25,22.25,245.25
51,51092.24928,12,20,32,76.5,64,TRUE, 3/4,-6.25,-5.75,323.25
51,80597.28417,12,24,36,76.5,72,TRUE, 3/4,-2.25,-49.75,155.25
52,261686.4345,8,24,32,78,64,TRUE, 3/4,-7,-22.75,34
52,176092.7975,10,20,30,78,60,TRUE, 3/4,-9,23.25,150
52,211760.7046,12,18,30,78,60,TRUE, 3/4,-9,31.25,214
52,69293.32516,12,20,32,78,64,TRUE, 3/4,-7,1.25,322
52,112388.9814,12,24,36,78,72,TRUE, 3/4,-3,-46.75,202
53,366361.3297,8,24,32,79.5,64,TRUE, 3/4,-7.75,-15,49
53,274319.2361,10,20,30,79.5,60,TRUE, 3/4,-9.75,33,117
53,240125.7447,12,18,30,79.5,60,TRUE, 3/4,-9.75,41,173
53,78839.64213,12,20,32,79.5,64,TRUE, 3/4,-7.75,9,313
53,165336.0628,12,24,36,79.5,72,TRUE, 3/4,-3.75,-43,245
53,30861.0297,14,28,42,79.5,84,FALSE, 3/4,2.25,-75,-231
54,571431.58,8,24,32,81,64,TRUE, 3/4,-8.5,-6.5,55.5
54,450417.5336,10,20,30,81,60,TRUE, 3/4,-10.5,43.5,73.5
54,313834.582,12,18,30,81,60,TRUE, 3/4,-10.5,51.5,121.5
54,102945.1238,12,20,32,81,64,TRUE, 3/4,-8.5,17.5,295.5
54,174982.2074,12,24,36,81,72,TRUE, 3/4,-4.5,-38.5,283.5
54,55937.92166,14,28,42,81,84,FALSE, 3/4,1.5,-76.5,-154.5
55,781079.5124,8,24,32,82.5,64,TRUE, 3/4,-9.25,2.75,52.75
55,470467.6197,10,20,30,82.5,60,TRUE, 3/4,-11.25,54.75,18.75
55,498752.0187,12,18,30,82.5,60,TRUE, 3/4,-11.25,62.75,58.75
55,160778.3006,12,20,32,82.5,64,TRUE, 3/4,-9.25,26.75,268.75
55,189531.8494,12,24,36,82.5,72,TRUE, 3/4,-5.25,-33.25,316.75
55,30372.22636,14,18,32,82.5,64,TRUE, 3/4,-9.25,32.75,322.75
55,111780.3864,14,28,42,82.5,84,FALSE, 3/4,0.75,-77.25,-77.25
56,824076.4939,8,24,32,84,64,TRUE, 3/4,-10,12.75,40
56,242832.785,12,20,32,84,64,TRUE, 3/4,-10,36.75,232
56,224982.328,12,24,36,84,72,TRUE, 3/4,-6,-27.25,344
56,44263.24253,14,18,32,84,64,TRUE, 3/4,-10,42.75,280
56,35407.85776,16,24,32,84,72,TRUE, 3/4,-6,12.75,24
57,973618.2687,8,24,32,85.5,64,TRUE, 3/4,-10.75,23.5,16.5
57,278844.8555,12,20,32,85.5,64,TRUE, 3/4,-10.75,47.5,184.5
57,272262.1362,12,24,36,85.5,72,TRUE, 3/4,-6.75,-20.5,364.5
57,51727.36004,14,18,32,85.5,64,TRUE, 3/4,-10.75,53.5,226.5
57,134877.4856,14,28,42,85.5,84,TRUE, 3/4,-0.75,-76.5,76.5
57,41570.26854,16,24,32,85.5,72,TRUE, 3/4,-6.75,19.5,4.5
57,30956.75088,16,24,40,85.5,80,TRUE, 3/4,-2.75,-48.5,568.5
57,31189.35126,18,24,36,85.5,78,TRUE, 3/4,-3.75,-11.5,247.5
57,39733.11071,18,24,42,85.5,84,TRUE, 3/4,-0.75,-56.5,616.5
58,372557.9843,12,20,32,87,64,TRUE, 3/4,-11.5,59,125.5
58,387050.3486,12,24,36,87,72,TRUE, 3/4,-7.5,-13,377.5
58,55693.39444,14,18,32,87,64,TRUE, 3/4,-11.5,65,161.5
58,161025.4876,14,28,42,87,84,TRUE, 3/4,-1.5,-75,151.5
58,35738.43981,16,24,40,87,80,TRUE, 3/4,-3.5,-45,613.5
58,43400.15785,18,24,36,87,78,TRUE, 3/4,-4.5,-7,254.5
58,50770.58068,18,24,42,87,84,TRUE, 3/4,-1.5,-55,671.5
59,577442.7411,12,20,32,88.5,64,TRUE, 3/4,-12.25,71.25,54.25
59,605582.4383,12,24,36,88.5,72,TRUE, 3/4,-8.25,-4.75,382.25
59,101355.3979,14,18,32,88.5,64,TRUE, 3/4,-12.25,77.25,84.25
59,187603.8828,14,28,42,88.5,84,TRUE, 3/4,-2.25,-72.75,224.25
59,46126.06817,16,24,40,88.5,80,TRUE, 3/4,-4.25,-40.75,654.25
59,55608.99914,18,24,36,88.5,78,TRUE, 3/4,-5.25,-1.75,256.25
59,53224.56962,18,24,42,88.5,84,TRUE, 3/4,-2.25,-52.75,724.25
60,611366.9539,12,24,36,90,72,TRUE, 3/4,-9,4.25,378
60,220552.0653,14,28,42,90,84,TRUE, 3/4,-3,-69.75,294
60,68063.03531,16,24,40,90,80,TRUE, 3/4,-5,-35.75,690
60,41635.03312,16,32,48,90,96,FALSE, 3/4,3,-99.75,-414
60,61628.32668,18,24,36,90,78,TRUE, 3/4,-6,4.25,252
60,61628.32668,18,24,42,90,84,TRUE, 3/4,-3,-49.75,774
61,673693.7714,12,24,36,91.5,72,TRUE, 3/4,-9.75,14,364
61,273805.6248,14,28,42,91.5,84,TRUE, 3/4,-3.75,-66,360
61,70474.26224,16,24,40,91.5,80,TRUE, 3/4,-5.75,-30,720
61,55172.08486,16,32,48,91.5,96,FALSE, 3/4,2.25,-102,-312
61,83264.4339,18,24,36,91.5,78,TRUE, 3/4,-6.75,11,241
61,81857.22446,18,24,42,91.5,84,TRUE, 3/4,-3.75,-46,820
62,826462.9803,12,24,36,93,72,TRUE, 3/4,-10.5,24.5,339.5
62,316193.095,14,28,42,93,84,TRUE, 3/4,-4.5,-61.5,421.5
62,44924.42816,16,20,36,93,72,TRUE, 3/4,-10.5,40.5,499.5
62,84245.75742,16,24,40,93,80,TRUE, 3/4,-6.5,-23.5,743.5
62,76194.11232,16,32,48,93,96,FALSE, 3/4,1.5,-103.5,-208.5
62,110470.5264,18,24,36,93,78,TRUE, 3/4,-7.5,18.5,222.5
62,110470.5264,18,24,42,93,84,TRUE, 3/4,-4.5,-41.5,861.5
63,755529.184,10,30,40,94.5,80,TRUE, 3/4,-7.25,-58.25,45.75
63,1.1289645877532345357*10^6,12,24,36,94.5,72,TRUE, 3/4,-11.25,35.75,303.75
63,42112.17556,12,36,48,94.5,96,FALSE, 3/4,0.75,-144.25,-1424.25
63,328050.1083,14,28,42,94.5,84,TRUE, 3/4,-5.25,-56.25,477.75
63,47458.9912,16,18,34,94.5,68,TRUE, 3/4,-13.25,91.75,105.75
63,49778.09623,16,20,36,94.5,72,TRUE, 3/4,-11.25,51.75,447.75
63,122765.0435,16,24,40,94.5,80,TRUE, 3/4,-7.25,-16.25,759.75
63,140164.0919,16,32,48,94.5,96,FALSE, 3/4,0.75,-104.25,-104.25
63,143832.6968,18,24,36,94.5,78,TRUE, 3/4,-8.25,26.75,195.75
63,116721.0643,18,24,42,94.5,84,TRUE, 3/4,-5.25,-36.25,897.75
64,768758.8964,10,30,40,96,80,TRUE, 3/4,-8,-50.25,96
64,1.8427978003713628983*10^6,12,24,36,96,72,TRUE, 3/4,-12,47.75,256
64,373893.1018,14,28,42,96,84,TRUE, 3/4,-6,-50.25,528
64,71627.84122,16,20,36,96,72,TRUE, 3/4,-12,63.75,384
64,166061.7869,16,24,40,96,80,TRUE, 3/4,-8,-8.25,768
64,177281.8869,18,24,36,96,78,TRUE, 3/4,-9,35.75,160
64,134043.7707,18,24,42,96,84,TRUE, 3/4,-6,-30.25,928
65,914356.2873,10,30,40,97.5,80,TRUE, 3/4,-8.75,-41.5,137.5
65,2.7182069368667025596*10^6,12,24,36,97.5,72,TRUE, 3/4,-12.75,60.5,195.5
65,482982.8083,14,28,42,97.5,84,TRUE, 3/4,-6.75,-43.5,571.5
65,113983.8011,16,20,36,97.5,72,TRUE, 3/4,-12.75,76.5,307.5
65,193381.7218,16,24,40,97.5,80,TRUE, 3/4,-8.75,0.5,767.5
65,165670.9157,16,32,48,97.5,96,TRUE, 3/4,-0.75,-103.5,103.5
65,210448.7956,18,24,36,97.5,78,TRUE, 3/4,-9.75,45.5,114.5
65,186005.4796,18,24,42,97.5,84,TRUE, 3/4,-6.75,-23.5,951.5
65,43966.21618,20,28,48,97.5,96,TRUE, 3/4,-0.75,-79.5,847.5
66,1.2389057618372466970*10^6,10,30,40,99,80,TRUE, 3/4,-9.5,-32,169.5
66,2.9021868462766729569*10^6,12,24,36,99,72,TRUE, 3/4,-13.5,74,121.5
66,600177.5766,14,28,42,99,84,TRUE, 3/4,-7.5,-36,607.5
66,150264.3273,16,20,36,99,72,TRUE, 3/4,-13.5,90,217.5
66,261985.8364,16,24,40,99,80,TRUE, 3/4,-9.5,10,757.5
66,207074.5631,16,32,48,99,96,TRUE, 3/4,-1.5,-102,205.5
66,304819.5395,18,24,36,99,78,TRUE, 3/4,-10.5,56,58.5
66,237469.7639,18,24,42,99,84,TRUE, 3/4,-7.5,-16,967.5
66,70094.00341,18,30,48,99,96,TRUE, 3/4,-1.5,-88,625.5
66,63850.02397,20,28,48,99,96,TRUE, 3/4,-1.5,-78,925.5
67,1.6877775236589358395*10^6,10,30,40,100.5,80,TRUE, 3/4,-10.25,-21.75,191.25
67,3.7332096086634221807*10^6,12,24,36,100.5,72,TRUE, 3/4,-14.25,88.25,33.25
67,761859.5349,14,28,42,100.5,84,TRUE, 3/4,-8.25,-27.75,635.25
67,169909.6583,16,20,36,100.5,72,TRUE, 3/4,-14.25,104.25,113.25
67,448442.706,16,24,40,100.5,80,TRUE, 3/4,-10.25,20.25,737.25
67,274139.9555,16,32,48,100.5,96,TRUE, 3/4,-2.25,-99.75,305.25
67,50421.57972,18,22,40,100.5,80,TRUE, 3/4,-10.25,26.25,815.25
67,252721.9941,18,24,42,100.5,84,TRUE, 3/4,-8.25,-7.75,975.25
67,81202.43511,18,30,48,100.5,96,TRUE, 3/4,-2.25,-85.75,711.25
67,53435.06165,18,36,54,100.5,108,FALSE, 3/4,3.75,-127.75,-668.75
67,66437.10687,20,28,48,100.5,96,TRUE, 3/4,-2.25,-75.75,1001.25
68,2.8722809236481433802*10^6,10,30,40,102,80,TRUE, 3/4,-11,-10.75,202
68,1.1990901393769324225*10^6,14,28,42,102,84,TRUE, 3/4,-9,-18.75,654
68,642685.9837,16,24,40,102,80,TRUE, 3/4,-11,31.25,706
68,397150.3507,16,32,48,102,96,TRUE, 3/4,-3,-96.75,402
68,60454.15979,18,22,40,102,80,TRUE, 3/4,-11,37.25,778
68,309054.2589,18,24,42,102,84,TRUE, 3/4,-9,1.25,974
68,89910.43738,18,30,48,102,96,TRUE, 3/4,-3,-82.75,794
68,66534.72797,18,36,54,102,108,FALSE, 3/4,3,-130.75,-538
68,75742.09687,20,28,48,102,96,TRUE, 3/4,-3,-72.75,1074
68,50899.6648,24,32,40,102,96,TRUE, 3/4,-3,-0.75,18
69,3.4820413371535584493*10^6,10,30,40,103.5,80,TRUE, 3/4,-11.75,1,201
69,1.3617857331216743547*10^6,14,28,42,103.5,84,TRUE, 3/4,-9.75,-9,663
69,766859.3459,16,24,40,103.5,80,TRUE, 3/4,-11.75,43,663
69,452521.7145,16,32,48,103.5,96,TRUE, 3/4,-3.75,-93,495
69,58814.81277,18,20,38,103.5,76,TRUE, 3/4,-13.75,91,363
69,71832.1741,18,22,40,103.5,80,TRUE, 3/4,-11.75,49,729
69,432572.5873,18,24,42,103.5,84,TRUE, 3/4,-9.75,11,963
69,116025.0419,18,30,48,103.5,96,TRUE, 3/4,-3.75,-79,873
69,88814.81607,18,36,54,103.5,108,FALSE, 3/4,2.25,-133,-405
69,99307.20386,20,28,48,103.5,96,TRUE, 3/4,-3.75,-69,1143
69,81276.38388,20,30,40,103.5,90,TRUE, 3/4,-6.75,6,126
69,65216.3119,20,30,50,103.5,100,TRUE, 3/4,-1.75,-89,951
69,53301.26339,24,32,40,103.5,96,TRUE, 3/4,-3.75,3,15
70,3.6344120183827218469*10^6,10,30,40,105,80,TRUE, 3/4,-12.5,13.5,187.5
70,1.4547207127546293095*10^6,14,28,42,105,84,TRUE, 3/4,-10.5,1.5,661.5
70,68408.55347,14,42,56,105,112,FALSE, 3/4,3.5,-194.5,-2964.5
70,1.0287242274198361145*10^6,16,24,40,105,80,TRUE, 3/4,-12.5,55.5,607.5
70,536217.1174,16,32,48,105,96,TRUE, 3/4,-4.5,-88.5,583.5
70,74645.73517,18,20,38,105,76,TRUE, 3/4,-14.5,105.5,257.5
70,116735.7245,18,22,40,105,80,TRUE, 3/4,-12.5,61.5,667.5
70,585800.5867,18,24,42,105,84,TRUE, 3/4,-10.5,21.5,941.5
70,197961.9479,18,30,48,105,96,TRUE, 3/4,-4.5,-74.5,947.5
70,139961.5094,18,36,54,105,108,FALSE, 3/4,1.5,-134.5,-270.5
70,163241.1784,20,28,48,105,96,TRUE, 3/4,-4.5,-64.5,1207.5
70,82827.75735,20,30,40,105,90,TRUE, 3/4,-7.5,13.5,112.5
70,72017.24253,20,30,50,105,100,TRUE, 3/4,-2.5,-86.5,1037.5
70,59232.13303,24,32,40,105,96,TRUE, 3/4,-4.5,7.5,7.5
71,4.5982546355046921019*10^6,10,30,40,106.5,80,TRUE, 3/4,-13.25,26.75,160.75
71,1.7895631891904081550*10^6,14,28,42,106.5,84,TRUE, 3/4,-11.25,12.75,648.75
71,76952.91861,14,42,56,106.5,112,FALSE, 3/4,2.75,-197.25,-2767.25
71,1.8117749753787098893*10^6,16,24,40,106.5,80,TRUE, 3/4,-13.25,68.75,538.75
71,633212.4891,16,32,48,106.5,96,TRUE, 3/4,-5.25,-83.25,666.75
71,87752.51705,18,20,38,106.5,76,TRUE, 3/4,-15.25,120.75,136.75
71,163749.5419,18,22,40,106.5,80,TRUE, 3/4,-13.25,74.75,592.75
71,784519.9674,18,24,42,106.5,84,TRUE, 3/4,-11.25,32.75,908.75
71,222272.1498,18,30,48,106.5,96,TRUE, 3/4,-5.25,-69.25,1016.75
71,214340.3687,18,36,54,106.5,108,FALSE, 3/4,0.75,-135.25,-135.25
71,165562.6148,20,28,48,106.5,96,TRUE, 3/4,-5.25,-59.25,1266.75
71,97912.73093,20,30,40,106.5,90,TRUE, 3/4,-8.25,21.75,90.75
71,88919.91523,20,30,50,106.5,100,TRUE, 3/4,-3.25,-83.25,1120.75
72,5.8183806495396512528*10^6,10,30,40,108,80,TRUE, 3/4,-14,40.75,120
72,2.5243848338665862490*10^6,14,28,42,108,84,TRUE, 3/4,-12,24.75,624
72,86861.59221,14,42,56,108,112,FALSE, 3/4,2,-199.25,-2568
72,2.1509325390109578444*10^6,16,24,40,108,80,TRUE, 3/4,-14,82.75,456
72,835933.359,16,32,48,108,96,TRUE, 3/4,-6,-77.25,744
72,198093.5543,18,22,40,108,80,TRUE, 3/4,-14,88.75,504
72,961089.7629,18,24,42,108,84,TRUE, 3/4,-12,44.75,864
72,260140.4191,18,30,48,108,96,TRUE, 3/4,-6,-63.25,1080
72,66487.53593,20,24,44,108,88,TRUE, 3/4,-10,10.75,1176
72,187218.4784,20,28,48,108,96,TRUE, 3/4,-6,-53.25,1320
72,131928.7628,20,30,40,108,90,TRUE, 3/4,-9,30.75,60
72,118082.9787,20,30,50,108,100,TRUE, 3/4,-4,-79.25,1200
73,8.2049232402680567948*10^6,10,30,40,109.5,80,TRUE, 3/4,-14.75,55.5,64.5
73,3.1489387012250715586*10^6,14,28,42,109.5,84,TRUE, 3/4,-12.75,37.5,586.5
73,116917.5742,14,42,56,109.5,112,FALSE, 3/4,1.25,-200.5,-2367.5
73,2.6680944068176851400*10^6,16,24,40,109.5,80,TRUE, 3/4,-14.75,97.5,358.5
73,902696.0166,16,32,48,109.5,96,TRUE, 3/4,-6.75,-70.5,814.5
73,260091.5701,18,22,40,109.5,80,TRUE, 3/4,-14.75,103.5,400.5
73,1.3955953428932051381*10^6,18,24,42,109.5,84,TRUE, 3/4,-12.75,57.5,806.5
73,324568.5591,18,30,48,109.5,96,TRUE, 3/4,-6.75,-56.5,1136.5
73,248362.0871,18,36,54,109.5,108,TRUE, 3/4,-0.75,-134.5,134.5
73,85826.25458,20,24,44,109.5,88,TRUE, 3/4,-10.75,21.5,1154.5
73,235631.1545,20,28,48,109.5,96,TRUE, 3/4,-6.75,-46.5,1366.5
73,214688.0174,20,30,40,109.5,90,TRUE, 3/4,-9.75,40.5,19.5
73,182962.7228,20,30,50,109.5,100,TRUE, 3/4,-4.75,-74.5,1274.5
73,62987.54832,20,40,60,109.5,120,FALSE, 3/4,5.25,-154.5,-1165.5
73,74795.09489,24,30,54,109.5,108,TRUE, 3/4,-0.75,-98.5,1394.5
74,4.6514250902175938827*10^6,14,28,42,111,84,TRUE, 3/4,-13.5,51,535.5
74,128726.0464,14,42,56,111,112,FALSE, 3/4,0.5,-201,-2166.5
74,3.8723837480969744265*10^6,16,24,40,111,80,TRUE, 3/4,-15.5,113,245.5
74,1.0535297460313332900*10^6,16,32,48,111,96,TRUE, 3/4,-7.5,-63,877.5
74,78203.0023,16,48,64,111,128,FALSE, 3/4,8.5,-223,-5922.5
74,409936.8624,18,22,40,111,80,TRUE, 3/4,-15.5,119,281.5
74,2.0005773001453281394*10^6,18,24,42,111,84,TRUE, 3/4,-13.5,71,735.5
74,536070.251,18,30,48,111,96,TRUE, 3/4,-7.5,-49,1185.5
74,328259.6285,18,36,54,111,108,TRUE, 3/4,-1.5,-133,267.5
74,92743.13893,20,24,44,111,88,TRUE, 3/4,-11.5,33,1121.5
74,353263.3592,20,28,48,111,96,TRUE, 3/4,-7.5,-39,1405.5
74,201210.6527,20,30,50,111,100,TRUE, 3/4,-5.5,-69,1343.5
74,74838.65645,20,40,60,111,120,FALSE, 3/4,4.5,-159,-1006.5
74,115661.2207,24,30,54,111,108,TRUE, 3/4,-1.5,-97,1491.5
74,83170.46154,24,32,48,111,104,TRUE, 3/4,-3.5,-39,585.5
74,83170.46154,24,32,56,111,112,FALSE, 3/4,0.5,-111,1253.5
75,2.6947162107103030055*10^6,12,36,48,112.5,96,TRUE, 3/4,-8.25,-94.75,92.25
75,8.8991454078871330549*10^6,14,28,42,112.5,84,TRUE, 3/4,-14.25,65.25,470.25
75,5.9552810886877541876*10^6,16,24,40,112.5,80,TRUE, 3/4,-16.25,129.25,116.25
75,1.4226360967800235454*10^6,16,32,48,112.5,96,TRUE, 3/4,-8.25,-54.75,932.25
75,83740.78062,16,48,64,112.5,128,FALSE, 3/4,7.75,-230.75,-5691.75
75,585351.656,18,22,40,112.5,80,TRUE, 3/4,-16.25,135.25,146.25
75,2.5033609093032596904*10^6,18,24,42,112.5,84,TRUE, 3/4,-14.25,85.25,650.25
75,684574.0437,18,30,48,112.5,96,TRUE, 3/4,-8.25,-40.75,1226.25
75,518583.1077,18,36,54,112.5,108,TRUE, 3/4,-2.25,-130.75,398.25
75,80104.51813,20,22,42,112.5,84,TRUE, 3/4,-14.25,89.25,686.25
75,140214.2204,20,24,44,112.5,88,TRUE, 3/4,-12.25,45.25,1076.25
75,424675.7938,20,28,48,112.5,96,TRUE, 3/4,-8.25,-30.75,1436.25
75,227436.4241,20,30,50,112.5,100,TRUE, 3/4,-6.25,-62.75,1406.25
75,92421.30331,20,40,60,112.5,120,FALSE, 3/4,3.75,-162.75,-843.75
75,181414.9997,24,30,54,112.5,108,TRUE, 3/4,-2.25,-94.75,1586.25
75,135362.3618,24,32,48,112.5,104,TRUE, 3/4,-4.25,-34.75,620.25
75,121672.1792,24,32,56,112.5,112,TRUE, 3/4,-0.25,-110.75,1364.25
76,3.0550262025645157246*10^6,12,36,48,114,96,TRUE, 3/4,-9,-85.75,178
76,9.8123825962587119260*10^6,14,28,42,114,84,TRUE, 3/4,-15,80.25,390
76,1.9943620251336922257*10^6,16,32,48,114,96,TRUE, 3/4,-9,-45.75,978
76,92181.11551,16,48,64,114,128,FALSE, 3/4,7,-237.75,-5454
76,3.1386178259619278960*10^6,18,24,42,114,84,TRUE, 3/4,-15,100.25,550
76,743378.3813,18,30,48,114,96,TRUE, 3/4,-9,-31.75,1258
76,717012.7646,18,36,54,114,108,TRUE, 3/4,-3,-127.75,526
76,93196.30536,20,22,42,114,84,TRUE, 3/4,-15,104.25,582
76,193218.9901,20,24,44,114,88,TRUE, 3/4,-13,58.25,1018
76,450702.7215,20,28,48,114,96,TRUE, 3/4,-9,-21.75,1458
76,276312.6083,20,30,50,114,100,TRUE, 3/4,-7,-55.75,1462
76,129407.3715,20,40,60,114,120,FALSE, 3/4,3,-165.75,-678
76,73466.38432,22,26,48,114,96,TRUE, 3/4,-9,-15.75,1578
76,227826.4815,24,30,54,114,108,TRUE, 3/4,-3,-91.75,1678
76,195845.6342,24,32,48,114,104,TRUE, 3/4,-5,-29.75,650
76,141507.8435,24,32,56,114,112,TRUE, 3/4,-1,-109.75,1474
76,77149.15123,24,40,64,114,128,FALSE, 3/4,7,-141.75,-462
77,3.1812062344860056871*10^6,12,36,48,115.5,96,TRUE, 3/4,-9.75,-76,254
77,1.1599971155322317036*10^7,14,28,42,115.5,84,TRUE, 3/4,-15.75,96,294
77,2.7036056416949472012*10^6,16,32,48,115.5,96,TRUE, 3/4,-9.75,-36,1014
77,97246.55362,16,48,64,115.5,128,FALSE, 3/4,6.25,-244,-5210
77,4.7789035862110814054*10^6,18,24,42,115.5,84,TRUE, 3/4,-15.75,116,434
77,1.0263644998424120089*10^6,18,30,48,115.5,96,TRUE, 3/4,-9.75,-22,1280
77,828125.6385,18,36,54,115.5,108,TRUE, 3/4,-3.75,-124,650
77,124335.4847,20,22,42,115.5,84,TRUE, 3/4,-15.75,120,462
77,242280.6264,20,24,44,115.5,88,TRUE, 3/4,-13.75,72,946
77,565273.2709,20,28,48,115.5,96,TRUE, 3/4,-9.75,-12,1470
77,453719.499,20,30,50,115.5,100,TRUE, 3/4,-7.75,-48,1510
77,221500.6644,20,40,60,115.5,120,FALSE, 3/4,2.25,-168,-510
77,100219.815,22,26,48,115.5,96,TRUE, 3/4,-9.75,-6,1584
77,298806.7838,24,30,54,115.5,108,TRUE, 3/4,-3.75,-88,1766
77,303948.9862,24,32,48,115.5,104,TRUE, 3/4,-5.75,-24,674
77,154674.6297,24,32,56,115.5,112,TRUE, 3/4,-1.75,-108,1582
77,112536.8643,24,40,64,115.5,128,FALSE, 3/4,6.25,-148,-314
78,3.5812357184379903197*10^6,12,36,48,117,96,TRUE, 3/4,-10.5,-65.5,319.5
78,1.5790094610047115476*10^7,14,28,42,117,84,TRUE, 3/4,-16.5,112.5,181.5
78,3.0755809365858453120*10^6,16,32,48,117,96,TRUE, 3/4,-10.5,-25.5,1039.5
78,110785.0252,16,48,64,117,128,FALSE, 3/4,5.5,-249.5,-4960.5
78,7.6680049714471745660*10^6,18,24,42,117,84,TRUE, 3/4,-16.5,132.5,301.5
78,1.9448521444463710936*10^6,18,30,48,117,96,TRUE, 3/4,-10.5,-11.5,1291.5
78,1.1229881846448218130*10^6,18,36,54,117,108,TRUE, 3/4,-4.5,-119.5,769.5
78,187134.5196,20,22,42,117,84,TRUE, 3/4,-16.5,136.5,325.5
78,274418.2749,20,24,44,117,88,TRUE, 3/4,-14.5,86.5,859.5
78,842569.0588,20,28,48,117,96,TRUE, 3/4,-10.5,-1.5,1471.5
78,665005.2537,20,30,50,117,100,TRUE, 3/4,-8.5,-39.5,1549.5
78,361123.6928,20,40,60,117,120,FALSE, 3/4,1.5,-169.5,-340.5
78,131643.4288,22,26,48,117,96,TRUE, 3/4,-10.5,4.5,1579.5
78,326397.9933,24,30,54,117,108,TRUE, 3/4,-4.5,-83.5,1849.5
78,371937.7318,24,32,48,117,104,TRUE, 3/4,-6.5,-17.5,691.5
78,181764.0485,24,32,56,117,112,TRUE, 3/4,-2.5,-105.5,1687.5
78,157203.6923,24,40,64,117,128,FALSE, 3/4,5.5,-153.5,-160.5
79,4.2234465105242231418*10^6,12,36,48,118.5,96,TRUE, 3/4,-11.25,-54.25,373.75
79,2.1443869340919130771*10^7,14,28,42,118.5,84,TRUE, 3/4,-17.25,129.75,51.75
79,4.0488271125915957864*10^6,16,32,48,118.5,96,TRUE, 3/4,-11.25,-14.25,1053.75
79,141559.0584,16,48,64,118.5,128,FALSE, 3/4,4.75,-254.25,-4706.25
79,8.8431025370096026714*10^6,18,24,42,118.5,84,TRUE, 3/4,-17.25,149.75,151.75
79,2.5282876509561882857*10^6,18,30,48,118.5,96,TRUE, 3/4,-11.25,-0.25,1291.75
79,1.5428832451704855728*10^6,18,36,54,118.5,108,TRUE, 3/4,-5.25,-114.25,883.75
79,84734.70377,18,54,72,118.5,144,FALSE, 3/4,12.75,-240.25,-9628.25
79,252354.4426,20,22,42,118.5,84,TRUE, 3/4,-17.25,153.75,171.75
79,408641.9483,20,24,44,118.5,88,TRUE, 3/4,-15.25,101.75,757.75
79,1.4639150318711603886*10^6,20,28,48,118.5,96,TRUE, 3/4,-11.25,9.75,1461.75
79,702760.2125,20,30,50,118.5,100,TRUE, 3/4,-9.25,-30.25,1579.75
79,444678.5316,20,40,60,118.5,120,FALSE, 3/4,0.75,-170.25,-170.25
79,150337.7556,22,26,48,118.5,96,TRUE, 3/4,-11.25,15.75,1563.75
79,82847.73046,22,33,44,118.5,99,TRUE, 3/4,-9.75,32.25,126.75
79,82847.73046,22,44,66,118.5,132,FALSE, 3/4,6.75,-182.25,-1820.25
79,423869.5285,24,30,54,118.5,108,TRUE, 3/4,-5.25,-78.25,1927.75
79,427174.2108,24,32,48,118.5,104,TRUE, 3/4,-7.25,-10.25,701.75
79,265528.9386,24,32,56,118.5,112,TRUE, 3/4,-3.25,-102.25,1789.75
79,213675.6637,24,40,64,118.5,128,FALSE, 3/4,4.75,-158.25,-2.25
80,5.4113990504749279829*10^6,12,36,48,120,96,TRUE, 3/4,-12,-42.25,416
80,4.2861720612105981041*10^6,16,32,48,120,96,TRUE, 3/4,-12,-2.25,1056
80,161256.3116,16,48,64,120,128,FALSE, 3/4,4,-258.25,-4448
80,3.0668205481716246483*10^6,18,30,48,120,96,TRUE, 3/4,-12,11.75,1280
80,1.5995523438658850669*10^6,18,36,54,120,108,TRUE, 3/4,-6,-108.25,992
80,113188.4114,18,54,72,120,144,FALSE, 3/4,12,-252.25,-9376
80,557064.035,20,24,44,120,88,TRUE, 3/4,-16,117.75,640
80,1.7403821443014941721*10^6,20,28,48,120,96,TRUE, 3/4,-12,21.75,1440
80,783696.98,20,30,50,120,100,TRUE, 3/4,-10,-20.25,1600
80,93373.8242,22,24,46,120,92,TRUE, 3/4,-14,71.75,1168
80,184799.533,22,26,48,120,96,TRUE, 3/4,-12,27.75,1536
80,93576.70573,22,33,44,120,99,TRUE, 3/4,-10.5,42.75,84
80,93576.70573,22,44,66,120,132,FALSE, 3/4,6,-188.25,-1632
80,491554.0853,24,30,54,120,108,TRUE, 3/4,-6,-72.25,2000
80,546815.2181,24,32,48,120,104,TRUE, 3/4,-8,-2.25,704
80,312822.0976,24,32,56,120,112,TRUE, 3/4,-4,-98.25,1888
80,102084.7328,24,36,48,120,108,TRUE, 3/4,-6,-18.25,272
80,102084.7328,24,36,60,120,120,TRUE, 3/4,0,-138.25,1280
80,249576.6739,24,40,64,120,128,FALSE, 3/4,4,-162.25,160
81,8.1690013836764646533*10^6,12,36,48,121.5,96,TRUE, 3/4,-12.75,-29.5,445.5
81,5.2078662195713386097*10^6,16,32,48,121.5,96,TRUE, 3/4,-12.75,10.5,1045.5
81,181013.2022,16,48,64,121.5,128,FALSE, 3/4,3.25,-261.5,-4186.5
81,5.0771499828334171260*10^6,18,30,48,121.5,96,TRUE, 3/4,-12.75,24.5,1255.5
81,1.8671094015786121541*10^6,18,36,54,121.5,108,TRUE, 3/4,-6.75,-101.5,1093.5
81,118195.9652,18,54,72,121.5,144,FALSE, 3/4,11.25,-263.5,-9112.5
81,709079.3766,20,24,44,121.5,88,TRUE, 3/4,-16.75,134.5,505.5
81,1.9894196551537088355*10^6,20,28,48,121.5,96,TRUE, 3/4,-12.75,34.5,1405.5
81,1.1776582265305871831*10^6,20,30,50,121.5,100,TRUE, 3/4,-10.75,-9.5,1609.5
81,653635.8844,20,40,60,121.5,120,TRUE, 3/4,-0.75,-169.5,169.5
81,108683.3234,22,24,46,121.5,92,TRUE, 3/4,-14.75,86.5,1081.5
81,230930.6159,22,26,48,121.5,96,TRUE, 3/4,-12.75,40.5,1495.5
81,115660.8296,22,33,44,121.5,99,TRUE, 3/4,-11.25,54,30
81,115660.8296,22,44,66,121.5,132,FALSE, 3/4,5.25,-193.5,-1438.5
81,106616.7236,24,28,52,121.5,104,TRUE, 3/4,-8.75,-33.5,2017.5
81,675712.6309,24,30,54,121.5,108,TRUE, 3/4,-6.75,-65.5,2065.5
81,816639.7779,24,32,48,121.5,104,TRUE, 3/4,-8.75,6.5,697.5
81,332997.1368,24,32,56,121.5,112,TRUE, 3/4,-4.75,-93.5,1981.5
81,162987.0818,24,36,48,121.5,108,TRUE, 3/4,-6.75,-11.5,283.5
81,142915.9442,24,36,60,121.5,120,TRUE, 3/4,-0.75,-137.5,1417.5
81,359126.8215,24,40,64,121.5,128,FALSE, 3/4,3.25,-165.5,325.5
82,1.3403682359959795366*10^7,12,36,48,123,96,TRUE, 3/4,-13.5,-16,461.5
82,7.5582786842520050773*10^6,16,32,48,123,96,TRUE, 3/4,-13.5,24,1021.5
82,224640.9101,16,48,64,123,128,FALSE, 3/4,2.5,-264,-3922.5
82,94756.06223,18,27,45,123,90,TRUE, 3/4,-16.5,117.5,611.5
82,8.2700217048292762304*10^6,18,30,48,123,96,TRUE, 3/4,-13.5,38,1217.5
82,2.5967492709730373251*10^6,18,36,54,123,108,TRUE, 3/4,-7.5,-94,1187.5
82,132557.6233,18,54,72,123,144,FALSE, 3/4,10.5,-274,-8838.5
82,97060.51291,18,60,63,123,141,FALSE, 3/4,9,-232,-9245
82,898127.8185,20,24,44,123,88,TRUE, 3/4,-17.5,152,353.5
82,2.7320212909808405687*10^6,20,28,48,123,96,TRUE, 3/4,-13.5,48,1357.5
82,1.9925819594757038473*10^6,20,30,50,123,100,TRUE, 3/4,-11.5,2,1607.5
82,1.0522114634973149873*10^6,20,40,60,123,120,TRUE, 3/4,-1.5,-168,337.5
82,128256.2316,22,24,46,123,92,TRUE, 3/4,-15.5,102,979.5
82,280178.0119,22,26,48,123,96,TRUE, 3/4,-13.5,54,1441.5
82,163289.5,22,44,66,123,132,FALSE, 3/4,4.5,-198,-1240.5
82,160697.2492,24,28,52,123,104,TRUE, 3/4,-9.5,-24,2041.5
82,948737.8577,24,30,54,123,108,TRUE, 3/4,-7.5,-58,2123.5
82,1.1098617302457919651*10^6,24,32,48,123,104,TRUE, 3/4,-9.5,16,681.5
82,383887.4283,24,32,56,123,112,TRUE, 3/4,-5.5,-88,2069.5
82,212581.5055,24,36,48,123,108,TRUE, 3/4,-7.5,-4,287.5
82,156441.8202,24,36,60,123,120,TRUE, 3/4,-1.5,-136,1553.5
82,454522.9402,24,40,64,123,128,FALSE, 3/4,2.5,-168,493.5
82,103745.3675,28,36,64,123,128,FALSE, 3/4,2.5,-144,1597.5
82,96889.00874,32,40,48,123,120,TRUE, 3/4,-1.5,0,1.5
83,1.5659610252511133957*10^7,12,36,48,124.5,96,TRUE, 3/4,-14.25,-1.75,463.25
83,1.0252915146808077082*10^7,16,32,48,124.5,96,TRUE, 3/4,-14.25,38.25,983.25
83,272727.078,16,48,64,124.5,128,FALSE, 3/4,1.75,-265.75,-3656.75
83,95196.10687,18,27,45,124.5,90,TRUE, 3/4,-17.25,134.75,476.75
83,1.1115915614272772968*10^7,18,30,48,124.5,96,TRUE, 3/4,-14.25,52.25,1165.25
83,2.9363598633768641827*10^6,18,36,54,124.5,108,TRUE, 3/4,-8.25,-85.75,1273.25
83,138305.6059,18,54,72,124.5,144,FALSE, 3/4,9.75,-283.75,-8554.75
83,99654.53493,18,60,63,124.5,141,FALSE, 3/4,8.25,-240.25,-9004.75
83,1.4000550786567485835*10^6,20,24,44,124.5,88,TRUE, 3/4,-18.25,170.25,183.25
83,4.4342641505991861249*10^6,20,28,48,124.5,96,TRUE, 3/4,-14.25,62.25,1295.25
83,2.7835832690084586602*10^6,20,30,50,124.5,100,TRUE, 3/4,-12.25,14.25,1593.25
83,1.6484133763763392130*10^6,20,40,60,124.5,120,TRUE, 3/4,-2.25,-165.75,503.25
83,109428.0729,20,60,80,124.5,160,FALSE, 3/4,17.75,-225.75,-14576.75
83,188045.5172,22,24,46,124.5,92,TRUE, 3/4,-16.25,118.25,861.25
83,318923.4058,22,26,48,124.5,96,TRUE, 3/4,-14.25,68.25,1373.25
83,265022.6686,22,44,66,124.5,132,FALSE, 3/4,3.75,-201.75,-1038.75
83,174207.1942,24,28,52,124.5,104,TRUE, 3/4,-10.25,-13.75,2055.25
83,1.2015271269111442718*10^6,24,30,54,124.5,108,TRUE, 3/4,-8.25,-49.75,2173.25
83,1.3410831244597175970*10^6,24,32,48,124.5,104,TRUE, 3/4,-10.25,26.25,655.25
83,525277.1542,24,32,56,124.5,112,TRUE, 3/4,-6.25,-81.75,2151.25
83,219838.914,24,36,48,124.5,108,TRUE, 3/4,-8.25,4.25,283.25
83,178643.979,24,36,60,124.5,120,TRUE, 3/4,-2.25,-133.75,1687.25
83,540275.8452,24,40,64,124.5,128,FALSE, 3/4,1.75,-169.75,663.25
83,133551.9368,28,36,64,124.5,128,FALSE, 3/4,1.75,-145.75,1743.25
84,1.7792957328566350044*10^7,12,36,48,126,96,TRUE, 3/4,-15,13.25,450
84,1.4500472559548284734*10^7,16,32,48,126,96,TRUE, 3/4,-15,53.25,930
84,305365.626,16,48,64,126,128,FALSE, 3/4,1,-266.75,-3390
84,102714.7708,18,27,45,126,90,TRUE, 3/4,-18,152.75,324
84,1.2862774797676113569*10^7,18,30,48,126,96,TRUE, 3/4,-15,67.25,1098
84,3.6115932892288745941*10^6,18,36,54,126,108,TRUE, 3/4,-9,-76.75,1350
84,154643.2829,18,54,72,126,144,FALSE, 3/4,9,-292.75,-8262
84,111534.0598,18,60,63,126,141,FALSE, 3/4,7.5,-247.75,-8757
84,5.4908481317722364979*10^6,20,28,48,126,96,TRUE, 3/4,-15,77.25,1218
84,3.2646743557459810251*10^6,20,30,50,126,100,TRUE, 3/4,-13,27.25,1566
84,1.8135691153899205483*10^6,20,40,60,126,120,TRUE, 3/4,-3,-162.75,666
84,117960.764,20,60,80,126,160,FALSE, 3/4,17,-242.75,-14334
84,243842.7425,22,24,46,126,92,TRUE, 3/4,-17,135.25,726
84,420887.796,22,26,48,126,96,TRUE, 3/4,-15,83.25,1290
84,394909.5274,22,44,66,126,132,FALSE, 3/4,3,-204.75,-834
84,204841.9809,24,28,52,126,104,TRUE, 3/4,-11,-2.75,2058
84,1.6815073748303768161*10^6,24,30,54,126,108,TRUE, 3/4,-9,-40.75,2214
84,1.8924896382079666844*10^6,24,32,48,126,104,TRUE, 3/4,-11,37.25,618
84,775108.5953,24,32,56,126,112,TRUE, 3/4,-7,-74.75,2226
84,255573.2101,24,36,48,126,108,TRUE, 3/4,-9,13.25,270
84,245447.376,24,36,60,126,120,TRUE, 3/4,-3,-130.75,1818
84,665905.9218,24,40,64,126,128,FALSE, 3/4,1,-170.75,834
84,95598.23312,24,48,72,126,144,FALSE, 3/4,9,-202.75,-2862
84,197804.9392,28,36,64,126,128,FALSE, 3/4,1,-146.75,1890
85,2.0152199251358420257*10^7,12,36,48,127.5,96,TRUE, 3/4,-15.75,29,421
85,2.3168473898711834623*10^7,16,32,48,127.5,96,TRUE, 3/4,-15.75,69,861
85,123676.7792,18,27,45,127.5,90,TRUE, 3/4,-18.75,171.5,152.5
85,2.1059676158874096105*10^7,18,30,48,127.5,96,TRUE, 3/4,-15.75,83,1015
85,5.2455739974223013145*10^6,18,36,54,127.5,108,TRUE, 3/4,-9.75,-67,1417
85,193373.3925,18,54,72,127.5,144,FALSE, 3/4,8.25,-301,-7961
85,139927.5749,18,60,63,127.5,141,FALSE, 3/4,6.75,-254.5,-8502.5
85,7.7746493234457019270*10^6,20,28,48,127.5,96,TRUE, 3/4,-15.75,93,1125
85,4.4854211427483071254*10^6,20,30,50,127.5,100,TRUE, 3/4,-13.75,41,1525
85,2.4494039685393819280*10^6,20,40,60,127.5,120,TRUE, 3/4,-3.75,-159,825
85,143445.9428,20,60,80,127.5,160,FALSE, 3/4,16.25,-259,-14075
85,296330.8481,22,24,46,127.5,92,TRUE, 3/4,-17.75,153,573
85,544490.7954,22,26,48,127.5,96,TRUE, 3/4,-15.75,99,1191
85,687638.8044,22,44,66,127.5,132,FALSE, 3/4,2.25,-207,-627
85,110901.6905,24,26,50,127.5,100,TRUE, 3/4,-13.75,53,1705
85,235676.0931,24,28,52,127.5,104,TRUE, 3/4,-11.75,9,2049
85,2.8193978135700762899*10^6,24,30,54,127.5,108,TRUE, 3/4,-9.75,-31,2245
85,2.9659152077860951532*10^6,24,32,48,127.5,104,TRUE, 3/4,-11.75,49,569
85,1.0905632754661794856*10^6,24,32,56,127.5,112,TRUE, 3/4,-7.75,-67,2293
85,419150.7281,24,36,48,127.5,108,TRUE, 3/4,-9.75,23,247
85,417182.2255,24,36,60,127.5,120,TRUE, 3/4,-3.75,-127,1945
85,919520.7556,24,40,64,127.5,128,FALSE, 3/4,0.25,-171,1005
85,106705.8833,24,48,72,127.5,144,FALSE, 3/4,8.25,-211,-2651
85,252017.7744,28,36,64,127.5,128,FALSE, 3/4,0.25,-147,2037
86,2.4376737873730909304*10^7,12,36,48,129,96,TRUE, 3/4,-16.5,45.5,375.5
86,8.8391028268474601130*10^6,14,42,56,129,112,TRUE, 3/4,-8.5,-148.5,11.5
86,3.4547163179399176446*10^7,16,32,48,129,96,TRUE, 3/4,-16.5,85.5,775.5
86,3.0814172777880152070*10^7,18,30,48,129,96,TRUE, 3/4,-16.5,99.5,915.5
86,7.9584800138530173795*10^6,18,36,54,129,108,TRUE, 3/4,-10.5,-56.5,1473.5
86,240117.5453,18,54,72,129,144,FALSE, 3/4,7.5,-308.5,-7652.5
86,166099.7899,18,60,63,129,141,FALSE, 3/4,6,-260.5,-8242
86,1.1032942903605902191*10^7,20,28,48,129,96,TRUE, 3/4,-16.5,109.5,1015.5
86,6.5106325371937221688*10^6,20,30,50,129,100,TRUE, 3/4,-14.5,55.5,1469.5
86,2.6711563929894028741*10^6,20,40,60,129,120,TRUE, 3/4,-4.5,-154.5,979.5
86,160702.6009,20,60,80,129,160,FALSE, 3/4,15.5,-274.5,-13800.5
86,374778.9916,22,24,46,129,92,TRUE, 3/4,-18.5,171.5,401.5
86,664817.3226,22,26,48,129,96,TRUE, 3/4,-16.5,115.5,1075.5
86,1.0428029136434971450*10^6,22,44,66,129,132,FALSE, 3/4,1.5,-208.5,-418.5
86,127574.1389,24,26,50,129,100,TRUE, 3/4,-14.5,67.5,1637.5
86,261913.9901,24,28,52,129,104,TRUE, 3/4,-12.5,21.5,2027.5
86,3.2803527686782911058*10^6,24,30,54,129,108,TRUE, 3/4,-10.5,-20.5,2265.5
86,3.5737257589778627926*10^6,24,32,48,129,104,TRUE, 3/4,-12.5,61.5,507.5
86,1.2591550699601607806*10^6,24,32,56,129,112,TRUE, 3/4,-8.5,-58.5,2351.5
86,694004.8853,24,36,48,129,108,TRUE, 3/4,-10.5,33.5,213.5
86,509318.7754,24,36,60,129,120,TRUE, 3/4,-4.5,-122.5,2067.5
86,1.5262314934119559592*10^6,24,40,64,129,128,TRUE, 3/4,-0.5,-170.5,1175.5
86,125259.8101,24,48,72,129,144,FALSE, 3/4,7.5,-218.5,-2432.5
86,353417.6614,28,36,64,129,128,TRUE, 3/4,-0.5,-146.5,2183.5
87,3.4430068530691576896*10^7,12,36,48,130.5,96,TRUE, 3/4,-17.25,62.75,312.75
87,9.2751667350742150740*10^6,14,42,56,130.5,112,TRUE, 3/4,-9.25,-139.25,150.75
87,3.7610158374970059778*10^7,16,32,48,130.5,96,TRUE, 3/4,-17.25,102.75,672.75
87,3.7259457800151499058*10^7,18,30,48,130.5,96,TRUE, 3/4,-17.25,116.75,798.75
87,9.0435645212286604424*10^6,18,36,54,130.5,108,TRUE, 3/4,-11.25,-45.25,1518.75
87,301017.5578,18,54,72,130.5,144,FALSE, 3/4,6.75,-315.25,-7337.25
87,177903.4136,18,60,63,130.5,141,FALSE, 3/4,5.25,-265.75,-7976.25
87,1.2805239003176713682*10^7,20,28,48,130.5,96,TRUE, 3/4,-17.25,126.75,888.75
87,7.6819653995141658967*10^6,20,30,50,130.5,100,TRUE, 3/4,-15.25,70.75,1398.75
87,3.2278133020394269656*10^6,20,40,60,130.5,120,TRUE, 3/4,-5.25,-149.25,1128.75
87,171940.848,20,60,80,130.5,160,FALSE, 3/4,14.75,-289.25,-13511.25
87,579466.4403,22,24,46,130.5,92,TRUE, 3/4,-19.25,190.75,210.75
87,769662.1685,22,26,48,130.5,96,TRUE, 3/4,-17.25,132.75,942.75
87,1.9553830665488381764*10^6,22,44,66,130.5,132,FALSE, 3/4,0.75,-209.25,-209.25
87,139639.3264,24,26,50,130.5,100,TRUE, 3/4,-15.25,82.75,1554.75
87,295746.2678,24,28,52,130.5,104,TRUE, 3/4,-13.25,34.75,1992.75
87,3.9740512536999995892*10^6,24,30,54,130.5,108,TRUE, 3/4,-11.25,-9.25,2274.75
87,4.0940401203258929313*10^6,24,32,48,130.5,104,TRUE, 3/4,-13.25,74.75,432.75
87,1.5637353804423478854*10^6,24,32,56,130.5,112,TRUE, 3/4,-9.25,-49.25,2400.75
87,975696.209,24,36,48,130.5,108,TRUE, 3/4,-11.25,44.75,168.75
87,655227.0992,24,36,60,130.5,120,TRUE, 3/4,-5.25,-117.25,2184.75
87,2.0247640111064102816*10^6,24,40,64,130.5,128,TRUE, 3/4,-1.25,-169.25,1344.75
87,164002.3643,24,48,72,130.5,144,FALSE, 3/4,6.75,-225.25,-2207.25
87,115854.5284,26,30,56,130.5,112,TRUE, 3/4,-9.25,-43.25,2550.75
87,364310.8875,28,36,64,130.5,128,TRUE, 3/4,-1.25,-145.25,2328.75
88,4.6482800867900406879*10^7,12,36,48,132,96,TRUE, 3/4,-18,80.75,232
88,1.0784355783309154212*10^7,14,42,56,132,112,TRUE, 3/4,-10,-129.25,280
88,4.6953662354115038395*10^7,16,32,48,132,96,TRUE, 3/4,-18,120.75,552
88,5.4864711626989162959*10^7,18,30,48,132,96,TRUE, 3/4,-18,134.75,664
88,1.1362207194223081975*10^7,18,36,54,132,108,TRUE, 3/4,-12,-33.25,1552
88,347849.0026,18,54,72,132,144,FALSE, 3/4,6,-321.25,-7016
88,209393.7794,18,60,63,132,141,FALSE, 3/4,4.5,-270.25,-7706
88,1.6892530686611548952*10^7,20,28,48,132,96,TRUE, 3/4,-18,144.75,744
88,1.0558197198622515770*10^7,20,30,50,132,100,TRUE, 3/4,-16,86.75,1312
88,4.2517484988267875941*10^6,20,40,60,132,120,TRUE, 3/4,-6,-143.25,1272
88,185626.7992,20,60,80,132,160,FALSE, 3/4,14,-303.25,-13208
88,1.0895491544608480992*10^6,22,26,48,132,96,TRUE, 3/4,-18,150.75,792
88,167039.694,22,66,88,132,176,FALSE, 3/4,22,-209.25,-20328
88,201284.8265,24,26,50,132,100,TRUE, 3/4,-16,98.75,1456
88,329162.4082,24,28,52,132,104,TRUE, 3/4,-14,48.75,1944
88,5.7346724802267777013*10^6,24,30,54,132,108,TRUE, 3/4,-12,2.75,2272
88,5.2252992774992627543*10^6,24,32,48,132,104,TRUE, 3/4,-14,88.75,344
88,2.0032272257686968107*10^6,24,32,56,132,112,TRUE, 3/4,-10,-39.25,2440
88,1.1534539546006431239*10^6,24,36,48,132,108,TRUE, 3/4,-12,56.75,112
88,897567.8088,24,36,60,132,120,TRUE, 3/4,-6,-111.25,2296
88,2.1286024923813689856*10^6,24,40,64,132,128,TRUE, 3/4,-2,-167.25,1512
88,252412.782,24,48,72,132,144,FALSE, 3/4,6,-231.25,-1976
88,111902.2505,24,54,60,132,138,FALSE, 3/4,3,-147.25,-3068
88,175952.4054,26,30,56,132,112,TRUE, 3/4,-10,-33.25,2584
88,464290.6592,28,36,64,132,128,TRUE, 3/4,-2,-143.25,2472
88,109901.6796,28,42,56,132,126,TRUE, 3/4,-3,-59.25,252
88,114043.4459,30,40,50,132,120,TRUE, 3/4,-6,6.75,72
88,113618.6912,32,40,72,132,144,FALSE, 3/4,6,-167.25,1608
89,7.6577889133005881036*10^7,12,36,48,133.5,96,TRUE, 3/4,-18.75,99.5,132.5
89,1.1703035196351641792*10^7,14,42,56,133.5,112,TRUE, 3/4,-10.75,-118.5,398.5
89,6.9648914016608946959*10^7,16,32,48,133.5,96,TRUE, 3/4,-18.75,139.5,412.5
89,8.5493914931932689222*10^7,18,30,48,133.5,96,TRUE, 3/4,-18.75,153.5,510.5
89,1.5239971998873445531*10^7,18,36,54,133.5,108,TRUE, 3/4,-12.75,-20.5,1572.5
89,406978.5338,18,54,72,133.5,144,FALSE, 3/4,5.25,-326.5,-6689.5
89,258443.3773,18,60,63,133.5,141,FALSE, 3/4,3.75,-274,-7432
89,2.7238278659108973182*10^7,20,28,48,133.5,96,TRUE, 3/4,-18.75,163.5,580.5
89,1.5636939038848137173*10^7,20,30,50,133.5,100,TRUE, 3/4,-16.75,103.5,1208.5
89,4.6652155841580616789*10^6,20,40,60,133.5,120,TRUE, 3/4,-6.75,-136.5,1408.5
89,196138.6161,20,60,80,133.5,160,FALSE, 3/4,13.25,-316.5,-12891.5
89,1.4843690963628855605*10^6,22,26,48,133.5,96,TRUE, 3/4,-18.75,169.5,622.5
89,113913.3157,22,33,55,133.5,110,TRUE, 3/4,-11.75,-16,2194
89,2.2601516606089566001*10^6,22,44,66,133.5,132,TRUE, 3/4,-0.75,-208.5,208.5
89,168940.0395,22,66,88,133.5,176,FALSE, 3/4,21.25,-230.5,-20097.5
89,255605.6118,24,26,50,133.5,100,TRUE, 3/4,-16.75,115.5,1340.5
89,411989.2674,24,28,52,133.5,104,TRUE, 3/4,-14.75,63.5,1880.5
89,7.7648572662329520250*10^6,24,30,54,133.5,108,TRUE, 3/4,-12.75,15.5,2256.5
89,7.8206884386610434992*10^6,24,32,48,133.5,104,TRUE, 3/4,-14.75,103.5,240.5
89,2.9360231697574006075*10^6,24,32,56,133.5,112,TRUE, 3/4,-10.75,-28.5,2468.5
89,1.3795043667304765952*10^6,24,36,48,133.5,108,TRUE, 3/4,-12.75,69.5,42.5
89,1.2375689990755258852*10^6,24,36,60,133.5,120,TRUE, 3/4,-6.75,-104.5,2400.5
89,2.3993808038596800075*10^6,24,40,64,133.5,128,TRUE, 3/4,-2.75,-164.5,1676.5
89,357173.3193,24,48,72,133.5,144,FALSE, 3/4,5.25,-236.5,-1739.5
89,119706.6844,24,54,60,133.5,138,FALSE, 3/4,2.25,-149.5,-2918.5
89,217533.3668,26,30,56,133.5,112,TRUE, 3/4,-10.75,-22.5,2606.5
89,114488.8624,26,39,52,133.5,117,TRUE, 3/4,-8.25,-6,396
89,113928.3803,26,52,78,133.5,156,FALSE, 3/4,11.25,-220.5,-4147.5
89,530533.1958,28,36,64,133.5,128,TRUE, 3/4,-2.75,-140.5,2612.5
89,127652.9064,28,42,56,133.5,126,TRUE, 3/4,-3.75,-55.5,307.5
89,144509.7064,30,40,50,133.5,120,TRUE, 3/4,-6.75,13.5,58.5
89,124385.8822,32,40,72,133.5,144,FALSE, 3/4,5.25,-172.5,1780.5
90,1.0968112043955554317*10^8,12,36,48,135,96,TRUE, 3/4,-19.5,119,13.5
90,1.2595664965451722419*10^7,14,42,56,135,112,TRUE, 3/4,-11.5,-107,505.5
90,8.9561659823241508909*10^7,16,32,48,135,96,TRUE, 3/4,-19.5,159,253.5
90,1.1996765018621332414*10^8,18,30,48,135,96,TRUE, 3/4,-19.5,173,337.5
90,1.5654324985852104950*10^7,18,36,54,135,108,TRUE, 3/4,-13.5,-7,1579.5
90,445149.5051,18,54,72,135,144,FALSE, 3/4,4.5,-331,-6358.5
90,271950.1699,18,60,63,135,141,FALSE, 3/4,3,-277,-7155
90,3.6151090319309837356*10^7,20,28,48,135,96,TRUE, 3/4,-19.5,183,397.5
90,1.9550446857305789304*10^7,20,30,50,135,100,TRUE, 3/4,-17.5,121,1087.5
90,5.1953642315791782640*10^6,20,40,60,135,120,TRUE, 3/4,-7.5,-129,1537.5
90,222162.192,20,60,80,135,160,FALSE, 3/4,12.5,-329,-12562.5
90,1.9058497729173562116*10^6,22,26,48,135,96,TRUE, 3/4,-19.5,189,433.5
90,146003.0166,22,33,55,135,110,TRUE, 3/4,-12.5,-3.5,2197.5
90,2.6534548676821141328*10^6,22,44,66,135,132,TRUE, 3/4,-1.5,-207,415.5
90,175606.1359,22,66,88,135,176,FALSE, 3/4,20.5,-251,-19846.5
90,302761.3949,24,26,50,135,100,TRUE, 3/4,-17.5,133,1207.5
90,530455.8759,24,28,52,135,104,TRUE, 3/4,-15.5,79,1801.5
90,1.2708121823327336930*10^7,24,30,54,135,108,TRUE, 3/4,-13.5,29,2227.5
90,1.2011861606068537150*10^7,24,32,48,135,104,TRUE, 3/4,-15.5,119,121.5
90,4.7889856013899585811*10^6,24,32,56,135,112,TRUE, 3/4,-11.5,-17,2485.5
90,1.5021840422730055722*10^6,24,36,60,135,120,TRUE, 3/4,-7.5,-97,2497.5
90,3.0008041106737608427*10^6,24,40,64,135,128,TRUE, 3/4,-3.5,-161,1837.5
90,505491.242,24,48,72,135,144,FALSE, 3/4,4.5,-241,-1498.5
90,138186.4536,24,54,60,135,138,FALSE, 3/4,1.5,-151,-2767.5
90,129208.158,26,28,54,135,108,TRUE, 3/4,-13.5,33,2299.5
90,247187.9579,26,30,56,135,112,TRUE, 3/4,-11.5,-11,2617.5
90,123215.6988,26,39,52,135,117,TRUE, 3/4,-9,3,393
90,123215.6988,26,52,78,135,156,FALSE, 3/4,10.5,-231,-3916.5
90,554990.0507,28,36,64,135,128,TRUE, 3/4,-3.5,-137,2749.5
90,136638.7273,28,42,56,135,126,TRUE, 3/4,-4.5,-51,358.5
90,120546.2284,28,42,70,135,140,FALSE, 3/4,2.5,-191,1387.5
90,264974.6725,30,40,50,135,120,TRUE, 3/4,-7.5,21,37.5
90,141702.7187,30,40,60,135,130,TRUE, 3/4,-2.5,-79,1012.5
90,120123.599,30,40,70,135,140,FALSE, 3/4,2.5,-179,1987.5
90,143264.3307,32,40,72,135,144,FALSE, 3/4,4.5,-177,1957.5
91,1.4814010618174642023*10^7,14,42,56,136.5,112,TRUE, 3/4,-12.25,-94.75,600.25
91,1.4833748921557879032*10^8,16,32,48,136.5,96,TRUE, 3/4,-20.25,179.25,74.25
91,1.6633910489973512913*10^8,18,30,48,136.5,96,TRUE, 3/4,-20.25,193.25,144.25
91,1.8480297545944527958*10^7,18,36,54,136.5,108,TRUE, 3/4,-14.25,7.25,1572.25
91,489186.4395,18,54,72,136.5,144,FALSE, 3/4,3.75,-334.75,-6023.75
91,309895.6736,18,60,63,136.5,141,FALSE, 3/4,2.25,-279.25,-6875.75
91,4.6387493964949123031*10^7,20,28,48,136.5,96,TRUE, 3/4,-20.25,203.25,194.25
91,2.4787625528263293180*10^7,20,30,50,136.5,100,TRUE, 3/4,-18.25,139.25,948.25
91,6.6310845969058954956*10^6,20,40,60,136.5,120,TRUE, 3/4,-8.25,-120.75,1658.25
91,282143.9189,20,60,80,136.5,160,FALSE, 3/4,11.75,-340.75,-12221.75
91,2.3701290602025175263*10^6,22,26,48,136.5,96,TRUE, 3/4,-20.25,209.25,224.25
91,147229.9693,22,33,55,136.5,110,TRUE, 3/4,-13.25,9.75,2187.75
91,3.1496140210041587999*10^6,22,44,66,136.5,132,TRUE, 3/4,-2.25,-204.75,620.25
91,186383.7826,22,66,88,136.5,176,FALSE, 3/4,19.75,-270.75,-19575.75
91,341332.2917,24,26,50,136.5,100,TRUE, 3/4,-18.25,151.25,1056.25
91,629821.7363,24,28,52,136.5,104,TRUE, 3/4,-16.25,95.25,1706.25
91,1.7739685109588468363*10^7,24,30,54,136.5,108,TRUE, 3/4,-14.25,43.25,2184.25
91,5.7771245214380349764*10^6,24,32,56,136.5,112,TRUE, 3/4,-12.25,-4.75,2490.25
91,2.2256504018423457540*10^6,24,36,60,136.5,120,TRUE, 3/4,-8.25,-88.75,2586.25
91,3.5476522276090003786*10^6,24,40,64,136.5,128,TRUE, 3/4,-4.25,-156.75,1994.25
91,623515.5145,24,48,72,136.5,144,FALSE, 3/4,3.75,-244.75,-1253.75
91,178594.9725,24,54,60,136.5,138,FALSE, 3/4,0.75,-151.75,-2615.75
91,145284.3706,26,28,54,136.5,108,TRUE, 3/4,-14.25,47.25,2252.25
91,268959.9004,26,30,56,136.5,112,TRUE, 3/4,-12.25,1.25,2616.25
91,142025.0255,26,39,52,136.5,117,TRUE, 3/4,-9.75,12.75,380.25
91,142025.0255,26,52,78,136.5,156,FALSE, 3/4,9.75,-240.75,-3675.75
91,648846.5217,28,36,64,136.5,128,TRUE, 3/4,-4.25,-132.75,2882.25
91,174270.0693,28,42,56,136.5,126,TRUE, 3/4,-5.25,-45.75,404.25
91,173573.961,28,42,70,136.5,140,FALSE, 3/4,1.75,-192.75,1580.25
91,125487.106,30,36,66,136.5,132,TRUE, 3/4,-2.25,-148.75,2916.25
91,303244.206,30,40,50,136.5,120,TRUE, 3/4,-8.25,29.25,8.25
91,199775.0854,30,40,60,136.5,130,TRUE, 3/4,-3.25,-75.75,1088.25
91,184521.3228,30,40,70,136.5,140,FALSE, 3/4,1.75,-180.75,2168.25
91,162573.5828,32,40,72,136.5,144,FALSE, 3/4,3.75,-180.75,2138.25
92,1.5871434072740296641*10^7,14,42,56,138,112,TRUE, 3/4,-13,-81.75,682
92,2.8843347151692161357*10^7,18,36,54,138,108,TRUE, 3/4,-15,22.25,1550
92,595616.5981,18,54,72,138,144,FALSE, 3/4,3,-337.75,-5686
92,397477.4503,18,60,63,138,141,FALSE, 3/4,1.5,-280.75,-6595
92,3.6595052368931629622*10^7,20,30,50,138,100,TRUE, 3/4,-19,158.25,790
92,8.8198497345699163570*10^6,20,40,60,138,120,TRUE, 3/4,-9,-111.75,1770
92,351717.9436,20,60,80,138,160,FALSE, 3/4,11,-351.75,-11870
92,158997.3215,22,33,55,138,110,TRUE, 3/4,-14,23.75,2164
92,3.8448304062205112045*10^6,22,44,66,138,132,TRUE, 3/4,-3,-201.75,822
92,203383.6087,22,66,88,138,176,FALSE, 3/4,19,-289.75,-19286
92,500878.7529,24,26,50,138,100,TRUE, 3/4,-19,170.25,886
92,129555.7401,24,27,51,138,102,TRUE, 3/4,-18,140.75,1262
92,711398.3742,24,28,52,138,104,TRUE, 3/4,-17,112.25,1594
92,2.0515823736456885445*10^7,24,30,54,138,108,TRUE, 3/4,-15,58.25,2126
92,6.9409964026901152208*10^6,24,32,56,138,112,TRUE, 3/4,-13,8.25,2482
92,2.5402717548258641503*10^6,24,36,60,138,120,TRUE, 3/4,-9,-79.75,2666
92,4.3357406646550485457*10^6,24,40,64,138,128,TRUE, 3/4,-5,-151.75,2146
92,820748.911,24,48,72,138,144,FALSE, 3/4,3,-247.75,-1006
92,156942.853,26,28,54,138,108,TRUE, 3/4,-15,62.25,2190
92,290300.1618,26,30,56,138,112,TRUE, 3/4,-13,14.25,2602
92,180171.3161,26,39,52,138,117,TRUE, 3/4,-10.5,23.25,357
92,180171.3161,26,52,78,138,156,FALSE, 3/4,9,-249.75,-3426
92,869272.1014,28,36,64,138,128,TRUE, 3/4,-5,-127.75,3010
92,342266.963,28,42,56,138,126,TRUE, 3/4,-6,-39.75,444
92,296471.1106,28,42,70,138,140,FALSE, 3/4,1,-193.75,1774
92,150452.045,30,36,66,138,132,TRUE, 3/4,-3,-145.75,3062
92,243911.9256,30,40,60,138,130,TRUE, 3/4,-4,-71.75,1160
92,275289.1206,30,40,70,138,140,FALSE, 3/4,1,-181.75,2350
92,201701.3032,32,40,72,138,144,FALSE, 3/4,3,-183.75,2322
93,1.7179196818062712182*10^7,14,42,56,139.5,112,TRUE, 3/4,-13.75,-68,750
93,4.0488331090924215642*10^7,18,36,54,139.5,108,TRUE, 3/4,-15.75,38,1512
93,637054.1128,18,54,72,139.5,144,FALSE, 3/4,2.25,-340,-5346
93,412938.1369,18,60,63,139.5,141,FALSE, 3/4,0.75,-281.5,-6313.5
93,4.4678940674775516143*10^7,20,30,50,139.5,100,TRUE, 3/4,-19.75,178,612
93,1.0622804625016202315*10^7,20,40,60,139.5,120,TRUE, 3/4,-9.75,-102,1872
93,437348.0377,20,60,80,139.5,160,FALSE, 3/4,10.25,-362,-11508
93,190720.7384,22,33,55,139.5,110,TRUE, 3/4,-14.75,38.5,2125.5
93,5.0347551283011223002*10^6,22,44,66,139.5,132,TRUE, 3/4,-3.75,-198,1020
93,232388.1258,22,66,88,139.5,176,FALSE, 3/4,18.25,-308,-18978
93,672582.1722,24,26,50,139.5,100,TRUE, 3/4,-19.75,190,696
93,132986.1367,24,27,51,139.5,102,TRUE, 3/4,-18.75,159.5,1102.5
93,904035.5946,24,28,52,139.5,104,TRUE, 3/4,-17.75,130,1464
93,2.5335578675388976062*10^7,24,30,54,139.5,108,TRUE, 3/4,-15.75,74,2052
93,8.1925148383079462023*10^6,24,32,56,139.5,112,TRUE, 3/4,-13.75,22,2460
93,3.2653323246142713937*10^6,24,36,60,139.5,120,TRUE, 3/4,-9.75,-70,2736
93,6.0956852692228949139*10^6,24,40,64,139.5,128,TRUE, 3/4,-5.75,-146,2292
93,1.1292773776092711798*10^6,24,48,72,139.5,144,FALSE, 3/4,2.25,-250,-756
93,216718.6833,26,28,54,139.5,108,TRUE, 3/4,-15.75,78,2112
93,312160.2341,26,30,56,139.5,112,TRUE, 3/4,-13.75,28,2574
93,260369.9291,26,39,52,139.5,117,TRUE, 3/4,-11.25,34.5,322.5
93,264581.6713,26,52,78,139.5,156,FALSE, 3/4,8.25,-258,-3168
93,1.2234812417210059796*10^6,28,36,64,139.5,128,TRUE, 3/4,-5.75,-122,3132
93,612993.9908,28,42,56,139.5,126,TRUE, 3/4,-6.75,-33,477
93,407671.6269,28,42,70,139.5,140,FALSE, 3/4,0.25,-194,1968
93,167726.176,30,36,66,139.5,132,TRUE, 3/4,-3.75,-142,3204
93,268069.3761,30,40,60,139.5,130,TRUE, 3/4,-4.75,-67,1227
93,397258.7675,30,40,70,139.5,140,FALSE, 3/4,0.25,-182,2532
93,132520.7817,30,42,72,139.5,144,FALSE, 3/4,2.25,-196,1998
93,146202.5275,30,50,80,139.5,160,FALSE, 3/4,10.25,-212,-1458
93,293041.0938,32,40,72,139.5,144,FALSE, 3/4,2.25,-186,2508
94,2.4670806300433743612*10^7,14,42,56,141,112,TRUE, 3/4,-14.5,-53.5,803.5
94,5.8047553977000215806*10^7,18,36,54,141,108,TRUE, 3/4,-16.5,54.5,1457.5
94,733433.7176,18,54,72,141,144,FALSE, 3/4,1.5,-341.5,-5004.5
94,6.1876809831512286879*10^7,20,30,50,141,100,TRUE, 3/4,-20.5,198.5,413.5
94,1.4795643486151523233*10^7,20,40,60,141,120,TRUE, 3/4,-10.5,-91.5,1963.5
94,460906.2946,20,60,80,141,160,FALSE, 3/4,9.5,-371.5,-11136.5
94,223109.1028,22,33,55,141,110,TRUE, 3/4,-15.5,54,2071.5
94,6.5441845715610125475*10^6,22,44,66,141,132,TRUE, 3/4,-4.5,-193.5,1213.5
94,241191.9708,22,66,88,141,176,FALSE, 3/4,17.5,-325.5,-18652.5
94,846270.5486,24,26,50,141,100,TRUE, 3/4,-20.5,210.5,485.5
94,146486.722,24,27,51,141,102,TRUE, 3/4,-19.5,179,923.5
94,1.2503598365037968884*10^6,24,28,52,141,104,TRUE, 3/4,-18.5,148.5,1315.5
94,3.6089619122937564028*10^7,24,30,54,141,108,TRUE, 3/4,-16.5,90.5,1961.5
94,1.0735701472696314328*10^7,24,32,56,141,112,TRUE, 3/4,-14.5,36.5,2423.5
94,4.0183475154300364144*10^6,24,36,60,141,120,TRUE, 3/4,-10.5,-59.5,2795.5
94,9.6792944367583008982*10^6,24,40,64,141,128,TRUE, 3/4,-6.5,-139.5,2431.5
94,1.8390123716705903266*10^6,24,48,72,141,144,FALSE, 3/4,1.5,-251.5,-504.5
94,274280.4281,26,28,54,141,108,TRUE, 3/4,-16.5,94.5,2017.5
94,374264.0106,26,30,56,141,112,TRUE, 3/4,-14.5,42.5,2531.5
94,289393.2783,26,39,52,141,117,TRUE, 3/4,-12,46.5,276
94,362456.4666,26,52,78,141,156,FALSE, 3/4,7.5,-265.5,-2902.5
94,153352.5465,28,32,60,141,120,TRUE, 3/4,-10.5,-43.5,3211.5
94,1.3184551624704088771*10^6,28,36,64,141,128,TRUE, 3/4,-6.5,-115.5,3247.5
94,952234.8227,28,42,56,141,126,TRUE, 3/4,-7.5,-25.5,502.5
94,667847.9156,28,42,70,141,140,TRUE, 3/4,-0.5,-193.5,2161.5
94,174145.2284,30,36,66,141,132,TRUE, 3/4,-4.5,-137.5,3341.5
94,332235.3298,30,40,60,141,130,TRUE, 3/4,-5.5,-61.5,1288.5
94,611230.4854,30,40,70,141,140,TRUE, 3/4,-0.5,-181.5,2713.5
94,207606.3984,30,42,72,141,144,FALSE, 3/4,1.5,-197.5,2195.5
94,215042.8477,30,50,80,141,160,FALSE, 3/4,9.5,-221.5,-1236.5
94,405298.324,32,40,72,141,144,FALSE, 3/4,1.5,-187.5,2695.5
95,3.4601398601328870768*10^7,14,42,56,142.5,112,TRUE, 3/4,-15.25,-38.25,841.75
95,9.4668786604944052656*10^7,18,36,54,142.5,108,TRUE, 3/4,-17.25,71.75,1385.75
95,944145.9535,18,54,72,142.5,144,FALSE, 3/4,0.75,-342.25,-4662.25
95,1.0248374090622362475*10^8,20,30,50,142.5,100,TRUE, 3/4,-21.25,219.75,193.75
95,2.3956279237223292277*10^7,20,40,60,142.5,120,TRUE, 3/4,-11.25,-80.25,2043.75
95,497896.5937,20,60,80,142.5,160,FALSE, 3/4,8.75,-380.25,-10756.25
95,229643.2573,22,33,55,142.5,110,TRUE, 3/4,-16.25,70.25,2001.25
95,7.6209397538183701593*10^6,22,44,66,142.5,132,TRUE, 3/4,-5.25,-188.25,1401.75
95,260071.9621,22,66,88,142.5,176,FALSE, 3/4,16.75,-342.25,-18310.25
95,1.0323167415671593354*10^6,24,26,50,142.5,100,TRUE, 3/4,-21.25,231.75,253.75
95,181006.2452,24,27,51,142.5,102,TRUE, 3/4,-20.25,199.25,724.25
95,1.5552003629776668688*10^6,24,28,52,142.5,104,TRUE, 3/4,-19.25,167.75,1147.75
95,4.2769115575017036186*10^7,24,30,54,142.5,108,TRUE, 3/4,-17.25,107.75,1853.75
95,1.3695714958551733510*10^7,24,32,56,142.5,112,TRUE, 3/4,-15.25,51.75,2371.75
95,5.7464351355954174226*10^6,24,36,60,142.5,120,TRUE, 3/4,-11.25,-48.25,2843.75
95,1.2262538846024850368*10^7,24,40,64,142.5,128,TRUE, 3/4,-7.25,-132.25,2563.75
95,2.6322135328864992266*10^6,24,48,72,142.5,144,FALSE, 3/4,0.75,-252.25,-252.25
95,320337.922,26,28,54,142.5,108,TRUE, 3/4,-17.25,111.75,1905.75
95,509951.9048,26,30,56,142.5,112,TRUE, 3/4,-15.25,57.75,2473.75
95,344639.5012,26,39,52,142.5,117,TRUE, 3/4,-12.75,59.25,216.75
95,479650.7979,26,52,78,142.5,156,FALSE, 3/4,6.75,-272.25,-2630.25
95,144746.1014,28,30,58,142.5,116,TRUE, 3/4,-13.25,11.75,2953.75
95,209889.6331,28,32,60,142.5,120,TRUE, 3/4,-11.25,-32.25,3243.75
95,1.5521606848338001496*10^6,28,36,64,142.5,128,TRUE, 3/4,-7.25,-108.25,3355.75
95,1.1054333328023895037*10^6,28,42,56,142.5,126,TRUE, 3/4,-8.25,-17.25,519.75
95,718622.4325,28,42,70,142.5,140,TRUE, 3/4,-1.25,-192.25,2353.75
95,176330.5238,30,36,66,142.5,132,TRUE, 3/4,-5.25,-132.25,3473.75
95,513855.9799,30,40,60,142.5,130,TRUE, 3/4,-6.25,-55.25,1343.75
95,616159.8907,30,40,70,142.5,140,TRUE, 3/4,-1.25,-180.25,2893.75
95,290519.61,30,42,72,142.5,144,FALSE, 3/4,0.75,-198.25,2393.75
95,320628.9749,30,50,80,142.5,160,FALSE, 3/4,8.75,-230.25,-1006.25
95,613497.8002,32,40,72,142.5,144,FALSE, 3/4,0.75,-188.25,2883.75
96,5.5804347654721701851*10^7,14,42,56,144,112,TRUE, 3/4,-16,-22.25,864
96,1.3621076175981203982*10^8,18,36,54,144,108,TRUE, 3/4,-18,89.75,1296
96,2.6897771465392167244*10^7,20,40,60,144,120,TRUE, 3/4,-12,-68.25,2112
96,528363.4251,20,60,80,144,160,FALSE, 3/4,8,-388.25,-10368
96,255489.6692,22,33,55,144,110,TRUE, 3/4,-17,87.25,1914
96,9.2373861527890665678*10^6,22,44,66,144,132,TRUE, 3/4,-6,-182.25,1584
96,302815.3172,22,66,88,144,176,FALSE, 3/4,16,-358.25,-17952
96,208710.8815,24,27,51,144,102,TRUE, 3/4,-21,220.25,504
96,1.8202292834056191525*10^6,24,28,52,144,104,TRUE, 3/4,-20,187.75,960
96,4.9227697601827914484*10^7,24,30,54,144,108,TRUE, 3/4,-18,125.75,1728
96,1.6539987237400620188*10^7,24,32,56,144,112,TRUE, 3/4,-16,67.75,2304
96,6.1273210110076932665*10^6,24,36,60,144,120,TRUE, 3/4,-12,-36.25,2880
96,1.6748550300758826972*10^7,24,40,64,144,128,TRUE, 3/4,-8,-124.25,2688
96,208988.8077,24,72,96,144,192,FALSE, 3/4,24,-252.25,-26496
96,355306.82,26,28,54,144,108,TRUE, 3/4,-18,129.75,1776
96,610204.4914,26,30,56,144,112,TRUE, 3/4,-16,73.75,2400
96,454015.4293,26,39,52,144,117,TRUE, 3/4,-13.5,72.75,144
96,554628.5944,26,52,78,144,156,FALSE, 3/4,6,-278.25,-2352
96,159445.0526,28,30,58,144,116,TRUE, 3/4,-14,25.75,2928
96,253015.4223,28,32,60,144,120,TRUE, 3/4,-12,-20.25,3264
96,2.4259507547743346813*10^6,28,36,64,144,128,TRUE, 3/4,-8,-100.25,3456
96,1.7184563444854444054*10^6,28,42,56,144,126,TRUE, 3/4,-9,-8.25,528
96,819054.4955,28,42,70,144,140,TRUE, 3/4,-2,-190.25,2544
96,158523.5217,28,56,84,144,168,FALSE, 3/4,12,-260.25,-5184
96,193825.8091,30,36,66,144,132,TRUE, 3/4,-6,-126.25,3600
96,622895.1041,30,40,60,144,130,TRUE, 3/4,-7,-48.25,1392
96,638370.5875,30,40,70,144,140,TRUE, 3/4,-2,-178.25,3072
96,415245.8957,30,42,72,144,144,TRUE, 3/4,0,-198.25,2592
96,404492.7077,30,50,80,144,160,FALSE, 3/4,8,-238.25,-768
96,758585.5777,32,40,72,144,144,TRUE, 3/4,0,-188.25,3072
96,151930.875,36,44,80,144,160,FALSE, 3/4,8,-196.25,1920
97,7.4133678428353915147*10^7,14,42,56,145.5,112,TRUE, 3/4,-16.75,-5.5,869.5
97,1.5094334575972633344*10^8,18,36,54,145.5,108,TRUE, 3/4,-18.75,108.5,1187.5
97,3.2303970704968654180*10^7,20,40,60,145.5,120,TRUE, 3/4,-12.75,-55.5,2167.5
97,604929.5636,20,60,80,145.5,160,FALSE, 3/4,7.25,-395.5,-9972.5
97,323362.7779,22,33,55,145.5,110,TRUE, 3/4,-17.75,105,1809
97,1.1385656227407603800*10^7,22,44,66,145.5,132,TRUE, 3/4,-6.75,-175.5,1759.5
97,400698.2451,22,66,88,145.5,176,FALSE, 3/4,15.25,-373.5,-17578.5
97,216042.763,24,27,51,145.5,102,TRUE, 3/4,-21.75,242,262
97,2.4465016937883147715*10^6,24,28,52,145.5,104,TRUE, 3/4,-20.75,208.5,751.5
97,6.2667413635167784513*10^7,24,30,54,145.5,108,TRUE, 3/4,-18.75,144.5,1583.5
97,2.1872689538560241309*10^7,24,32,56,145.5,112,TRUE, 3/4,-16.75,84.5,2219.5
97,7.3444623177788226613*10^6,24,36,60,145.5,120,TRUE, 3/4,-12.75,-23.5,2903.5
97,2.6326574437063969923*10^7,24,40,64,145.5,128,TRUE, 3/4,-8.75,-115.5,2803.5
97,3.0038217649002308490*10^6,24,48,72,145.5,144,TRUE, 3/4,-0.75,-251.5,251.5
97,211185.147,24,72,96,145.5,192,FALSE, 3/4,23.25,-275.5,-26220.5
97,153514.9776,24,80,84,145.5,188,FALSE, 3/4,21.25,-225.5,-26366.5
97,475308.1861,26,28,54,145.5,108,TRUE, 3/4,-18.75,148.5,1627.5
97,681534.9126,26,30,56,145.5,112,TRUE, 3/4,-16.75,90.5,2309.5
97,680850.0935,26,39,52,145.5,117,TRUE, 3/4,-14.25,87,57
97,177064.1655,26,39,65,145.5,130,TRUE, 3/4,-7.75,-121,3151
97,680850.0935,26,52,78,145.5,156,FALSE, 3/4,5.25,-283.5,-2068.5
97,170120.6415,28,30,58,145.5,116,TRUE, 3/4,-14.75,40.5,2887.5
97,276905.4708,28,32,60,145.5,120,TRUE, 3/4,-12.75,-7.5,3271.5
97,2.6485728776366217812*10^6,28,36,64,145.5,128,TRUE, 3/4,-8.75,-91.5,3547.5
97,2.6186849367197893538*10^6,28,42,56,145.5,126,TRUE, 3/4,-9.75,1.5,526.5
97,911991.1869,28,42,70,145.5,140,TRUE, 3/4,-2.75,-187.5,2731.5
97,198509.3472,28,56,84,145.5,168,FALSE, 3/4,11.25,-271.5,-4912.5
97,291392.1712,30,36,66,145.5,132,TRUE, 3/4,-6.75,-119.5,3719.5
97,671847.1483,30,40,60,145.5,130,TRUE, 3/4,-7.75,-40.5,1432.5
97,687366.3009,30,40,70,145.5,140,TRUE, 3/4,-2.75,-175.5,3247.5
97,623785.904,30,42,72,145.5,144,TRUE, 3/4,-0.75,-197.5,2789.5
97,582339.1373,30,50,80,145.5,160,FALSE, 3/4,7.25,-245.5,-522.5
97,800618.5022,32,40,72,145.5,144,TRUE, 3/4,-0.75,-187.5,3259.5
97,193549.5068,36,44,80,145.5,160,FALSE, 3/4,7.25,-203.5,2123.5
98,7.5747711382874968764*10^7,14,42,56,147,112,TRUE, 3/4,-17.5,12,857.5
98,3.1570660149271714850*10^7,16,48,64,147,128,TRUE, 3/4,-9.5,-202,29.5
98,1.9349975267736377951*10^8,18,36,54,147,108,TRUE, 3/4,-19.5,128,1059.5
98,4.4265812592784725620*10^7,20,40,60,147,120,TRUE, 3/4,-13.5,-42,2209.5
98,782315.9061,20,60,80,147,160,FALSE, 3/4,6.5,-402,-9570.5
98,335674.9572,22,33,55,147,110,TRUE, 3/4,-18.5,123.5,1685.5
98,1.2943766682582574762*10^7,22,44,66,147,132,TRUE, 3/4,-7.5,-168,1927.5
98,513730.5148,22,66,88,147,176,FALSE, 3/4,14.5,-388,-17190.5
98,3.5878314923620136501*10^6,24,28,52,147,104,TRUE, 3/4,-21.5,230,521.5
98,8.9377597628393133807*10^7,24,30,54,147,108,TRUE, 3/4,-19.5,164,1419.5
98,2.8926112571952633192*10^7,24,32,56,147,112,TRUE, 3/4,-17.5,102,2117.5
98,9.5349696184849676115*10^6,24,36,60,147,120,TRUE, 3/4,-13.5,-10,2913.5
98,3.9081052381393220893*10^7,24,40,64,147,128,TRUE, 3/4,-9.5,-106,2909.5
98,3.7978437612221239051*10^6,24,48,72,147,144,TRUE, 3/4,-1.5,-250,501.5
98,231352.2164,24,72,96,147,192,FALSE, 3/4,22.5,-298,-25922.5
98,155457.2023,24,80,84,147,188,FALSE, 3/4,20.5,-246,-26120.5
98,639058.5463,26,28,54,147,108,TRUE, 3/4,-19.5,168,1459.5
98,766190.5705,26,30,56,147,112,TRUE, 3/4,-17.5,108,2201.5
98,178311.5621,26,39,65,147,130,TRUE, 3/4,-8.5,-112.5,3263.5
98,802786.0213,26,52,78,147,156,FALSE, 3/4,4.5,-288,-1780.5
98,229540.4609,28,30,58,147,116,TRUE, 3/4,-15.5,56,2831.5
98,293059.6614,28,32,60,147,120,TRUE, 3/4,-13.5,6,3265.5
98,2.7833780291570635646*10^6,28,36,64,147,128,TRUE, 3/4,-9.5,-82,3629.5
98,3.3520899622641509434*10^6,28,42,56,147,126,TRUE, 3/4,-10.5,12,514.5
98,1.0761549080830378499*10^6,28,42,70,147,140,TRUE, 3/4,-3.5,-184,2915.5
98,285468.1202,28,56,84,147,168,FALSE, 3/4,10.5,-282,-4630.5
98,383311.6314,30,36,66,147,132,TRUE, 3/4,-7.5,-112,3831.5
98,814694.7984,30,40,60,147,130,TRUE, 3/4,-8.5,-32,1464.5
98,761285.4509,30,40,70,147,140,TRUE, 3/4,-3.5,-172,3419.5
98,713568.7367,30,42,72,147,144,TRUE, 3/4,-1.5,-196,2985.5
98,669126.2389,30,50,80,147,160,FALSE, 3/4,6.5,-252,-270.5
98,892838.4772,32,40,72,147,144,TRUE, 3/4,-1.5,-186,3445.5
98,251654.4254,32,48,64,147,144,TRUE, 3/4,-1.5,-90,181.5
98,200617.4266,36,44,80,147,160,FALSE, 3/4,6.5,-210,2333.5
99,8.5844697559066239366*10^7,14,42,56,148.5,112,TRUE, 3/4,-18.25,30.25,827.25
99,3.2333103615426717503*10^7,16,48,64,148.5,128,TRUE, 3/4,-10.25,-191.75,221.25
99,2.5760365517166800329*10^8,18,36,54,148.5,108,TRUE, 3/4,-20.25,148.25,911.25
99,4.9541399118650369604*10^7,20,40,60,148.5,120,TRUE, 3/4,-14.25,-27.75,2237.25
99,841154.6884,20,60,80,148.5,160,FALSE, 3/4,5.75,-407.75,-9162.75
99,355264.3691,22,33,55,148.5,110,TRUE, 3/4,-19.25,142.75,1542.75
99,1.4387793648842021979*10^7,22,44,66,148.5,132,TRUE, 3/4,-8.25,-159.75,2087.25
99,599053.6254,22,66,88,148.5,176,FALSE, 3/4,13.75,-401.75,-16788.75
99,4.7985343132065654563*10^6,24,28,52,148.5,104,TRUE, 3/4,-22.25,252.25,269.25
99,1.0780980778281140322*10^8,24,30,54,148.5,108,TRUE, 3/4,-20.25,184.25,1235.25
99,3.5681689550838828056*10^7,24,32,56,148.5,112,TRUE, 3/4,-18.25,120.25,1997.25
99,1.3745772084146606860*10^7,24,36,60,148.5,120,TRUE, 3/4,-14.25,4.25,2909.25
99,4.5057109151255114920*10^7,24,40,64,148.5,128,TRUE, 3/4,-10.25,-95.75,3005.25
99,5.4444804367841913576*10^6,24,48,72,148.5,144,TRUE, 3/4,-2.25,-247.75,749.25
99,273771.9945,24,72,96,148.5,192,FALSE, 3/4,21.75,-319.75,-25602.75
99,162390.0314,24,80,84,148.5,188,FALSE, 3/4,19.75,-265.75,-25854.75
99,781771.659,26,28,54,148.5,108,TRUE, 3/4,-20.25,188.25,1271.25
99,1.1308361016727346029*10^6,26,30,56,148.5,112,TRUE, 3/4,-18.25,126.25,2075.25
99,188906.8892,26,39,65,148.5,130,TRUE, 3/4,-9.25,-103.25,3366.75
99,1.0359624328358208955*10^6,26,52,78,148.5,156,FALSE, 3/4,3.75,-291.75,-1488.75
99,295569.769,28,30,58,148.5,116,TRUE, 3/4,-16.25,72.25,2759.25
99,329302.6508,28,32,60,148.5,120,TRUE, 3/4,-14.25,20.25,3245.25
99,3.1545048120675782135*10^6,28,36,64,148.5,128,TRUE, 3/4,-10.25,-71.75,3701.25
99,4.0161755709507089743*10^6,28,42,56,148.5,126,TRUE, 3/4,-11.25,23.25,491.25
99,1.6589951536638103614*10^6,28,42,70,148.5,140,TRUE, 3/4,-4.25,-179.75,3095.25
99,382822.3393,28,56,84,148.5,168,FALSE, 3/4,9.75,-291.75,-4338.75
99,458817.462,30,36,66,148.5,132,TRUE, 3/4,-8.25,-103.75,3935.25
99,1.1115731294619471010*10^6,30,40,60,148.5,130,TRUE, 3/4,-9.25,-22.75,1487.25
99,882101.4069,30,40,70,148.5,140,TRUE, 3/4,-4.25,-167.75,3587.25
99,743322.9626,30,42,72,148.5,144,TRUE, 3/4,-2.25,-193.75,3179.25
99,192085.8493,30,45,60,148.5,135,TRUE, 3/4,-6.75,-45.25,587.25
99,703513.8933,30,50,80,148.5,160,FALSE, 3/4,5.75,-257.75,-12.75
99,921157.5664,32,40,72,148.5,144,TRUE, 3/4,-2.25,-183.75,3629.25
99,422291.2648,32,48,64,148.5,144,TRUE, 3/4,-2.25,-87.75,269.25
99,164104.3413,32,48,80,148.5,160,FALSE, 3/4,5.75,-239.75,1085.25
99,212681.1939,36,44,80,148.5,160,FALSE, 3/4,5.75,-215.75,2549.25
100,1.1139474088827322086*10^8,14,42,56,150,112,TRUE, 3/4,-19,49.25,778
100,3.4811262306242670404*10^7,16,48,64,150,128,TRUE, 3/4,-11,-180.75,402
100,3.6978793627132678958*10^8,18,36,54,150,108,TRUE, 3/4,-21,169.25,742
100,5.2695229790009233503*10^7,20,40,60,150,120,TRUE, 3/4,-15,-12.75,2250
100,937351.7331,20,60,80,150,160,FALSE, 3/4,5,-412.75,-8750
100,412802.7176,22,33,55,150,110,TRUE, 3/4,-20,162.75,1380
100,1.8022105038593462997*10^7,22,44,66,150,132,TRUE, 3/4,-9,-150.75,2238
100,638354.8506,22,66,88,150,176,FALSE, 3/4,13,-414.75,-16374
100,1.3039049035087452412*10^8,24,30,54,150,108,TRUE, 3/4,-21,205.25,1030
100,4.2417430549164676177*10^7,24,32,56,150,112,TRUE, 3/4,-19,139.25,1858
100,2.0599038925669135006*10^7,24,36,60,150,120,TRUE, 3/4,-15,19.25,2890
100,5.9064030995586686060*10^7,24,40,64,150,128,TRUE, 3/4,-11,-84.75,3090
100,9.0888170289081856497*10^6,24,48,72,150,144,TRUE, 3/4,-3,-244.75,994
100,352498.3919,24,72,96,150,192,FALSE, 3/4,21,-340.75,-25262
100,164039.2294,24,80,84,150,188,FALSE, 3/4,19,-284.75,-25570
100,905362.8688,26,28,54,150,108,TRUE, 3/4,-21,209.25,1062
100,1.4310464738716336997*10^6,26,30,56,150,112,TRUE, 3/4,-19,145.25,1930
100,218619.8065,26,39,65,150,130,TRUE, 3/4,-10,-93.25,3460
100,1.5294490329041487840*10^6,26,52,78,150,156,FALSE, 3/4,3,-294.75,-1194
100,344804.5984,28,30,58,150,116,TRUE, 3/4,-17,89.25,2670
100,489554.5749,28,32,60,150,120,TRUE, 3/4,-15,35.25,3210
100,4.1655754319845848761*10^6,28,36,64,150,128,TRUE, 3/4,-11,-60.75,3762
100,5.0989785564770774725*10^6,28,42,56,150,126,TRUE, 3/4,-12,35.25,456
100,2.3211372366201026842*10^6,28,42,70,150,140,TRUE, 3/4,-5,-174.75,3270
100,497754.9095,28,56,84,150,168,FALSE, 3/4,9,-300.75,-4038
100,165615.4945,30,34,64,150,128,TRUE, 3/4,-11,-54.75,3930
100,487906.6062,30,36,66,150,132,TRUE, 3/4,-9,-94.75,4030
100,1.7816389677077779556*10^6,30,40,60,150,130,TRUE, 3/4,-10,-12.75,1500
100,1.1681262378855257911*10^6,30,40,70,150,140,TRUE, 3/4,-5,-162.75,3750
100,837971.2129,30,42,72,150,144,TRUE, 3/4,-3,-190.75,3370
100,197959.2684,30,45,60,150,135,TRUE, 3/4,-7.5,-37.75,625
100,787548.6413,30,50,80,150,160,FALSE, 3/4,5,-262.75,250
100,1.0242816104813964851*10^6,32,40,72,150,144,TRUE, 3/4,-3,-180.75,3810
100,576343.2443,32,48,64,150,144,TRUE, 3/4,-3,-84.75,354
100,191492.8649,32,48,80,150,160,FALSE, 3/4,5,-244.75,1330
100,240938.5496,36,44,80,150,160,FALSE, 3/4,5,-220.75,2770
